yr,workingday,temp,atemp,hum,windspeed,season_2,season_3,season_4,mnth_3,mnth_9,mnth_10,weekday_6,weathersit_2,weathersit_3
1,0,0.241985973,0.2143932,0.774207712,0.21026043,0,0,0,0,0,0,1,1,0
1,0,0.245101096,0.200348006,0.497000514,0.676936154,0,0,0,0,0,0,0,0,0
1,1,0.195259132,0.189567335,0.593830334,0.273061507,0,0,0,0,0,0,0,1,0
,,,,,,,,,,,,,,
,,,,,,,,,,,,,,
,,,,,,,,,,,,,,
,,,,,,,,,,,,,,
,,,,,,,,,,,,,,
